{
  "training_history": {
    "train_losses": [
      0.22402987835978375,
      0.1651003682284754,
      0.15498642563933201,
      0.1476805507711811,
      0.1493583249933876,
      0.1449484202104263,
      0.1330025072630934,
      0.13724784033918336,
      0.13011026983910698,
      0.13388773333635393,
      0.12832969436315755,
      0.12651068625171374,
      0.12250647581440924,
      0.125387392848723,
      0.12788575527899165,
      0.12553994852284628,
      0.12663041999892902,
      0.12869611893826566,
      0.12908079935868091,
      0.12139587758371019,
      0.11898663589029711,
      0.11761865978741827,
      0.11569670797768314,
      0.10792320526024404,
      0.10696574965378575,
      0.10736678703599556,
      0.10622216196829885,
      0.10432111298552088,
      0.10219019976490577,
      0.1028185407719628,
      0.10459696053183803,
      0.10222648705989688,
      0.10056992358538701,
      0.09945479814430606,
      0.09601358358815539,
      0.09448236170111529,
      0.09248614767761086,
      0.09265959416002659,
      0.09523961772812892,
      0.09091638183547007,
      0.09284060604572862,
      0.09138435324894781,
      0.09274280566953215,
      0.09193611486917609,
      0.090656799906971,
      0.09180180028062349,
      0.09273124022671365,
      0.08538555494994775,
      0.08535917700948228,
      0.08593820688622816,
      0.08570894318590287,
      0.08640336316209923,
      0.08711811125866303,
      0.08355823007302479,
      0.08222779444730469,
      0.0821699879562461
    ],
    "train_accuracies": [
      91.02380952380952,
      92.97619047619048,
      93.19047619047619,
      93.85714285714286,
      93.5,
      93.67857142857143,
      94.01190476190476,
      93.95238095238095,
      94.13095238095238,
      94.14285714285714,
      94.14285714285714,
      94.36904761904762,
      94.26190476190476,
      94.35714285714286,
      94.21428571428571,
      94.45238095238095,
      94.47619047619048,
      94.11904761904762,
      94.29761904761905,
      94.41666666666667,
      94.55952380952381,
      94.5,
      94.63095238095238,
      95.02380952380952,
      95.08333333333333,
      94.97619047619048,
      95.19047619047619,
      95.07142857142857,
      95.35714285714286,
      95.38095238095238,
      95.28571428571429,
      95.44047619047619,
      95.42857142857143,
      95.63095238095238,
      95.86904761904762,
      95.82142857142857,
      95.92857142857143,
      95.78571428571429,
      95.80952380952381,
      95.92857142857143,
      95.94047619047619,
      96.01190476190476,
      95.85714285714286,
      96.07142857142857,
      96.07142857142857,
      95.88095238095238,
      95.9047619047619,
      96.26190476190476,
      96.28571428571429,
      96.13095238095238,
      96.28571428571429,
      96.13095238095238,
      96.14285714285714,
      96.28571428571429,
      96.30952380952381,
      96.21428571428571
    ],
    "val_losses": [
      0.1655713563556211,
      0.17960298381615103,
      0.16987583080404683,
      0.1750004352315476,
      0.15716122417596348,
      0.15071970028312584,
      0.17896972485540205,
      0.1583138721292479,
      0.1475818170267239,
      0.16300466730210342,
      0.1669807428526774,
      0.1614952535580909,
      0.14771827395286477,
      0.13943312186421009,
      0.1478689813561607,
      0.14354643550815813,
      0.13125657999332538,
      0.14175784009459771,
      0.13780189580038973,
      0.1496119378624778,
      0.16070834723742386,
      0.13990645048518977,
      0.1460647940831749,
      0.12782416477995484,
      0.13393549349877917,
      0.13553950092510172,
      0.13232789895284855,
      0.11775075036444162,
      0.11867186028444976,
      0.12458702479080673,
      0.13315177650043838,
      0.12405708080909231,
      0.12485710715286825,
      0.11976479701371047,
      0.12167276824383359,
      0.11175492822535728,
      0.11546617251281675,
      0.11515280018609605,
      0.10995697591192367,
      0.12405636187708169,
      0.10943884363299922,
      0.11429223862656376,
      0.12747107267281726,
      0.11218617160461451,
      0.1138597765055142,
      0.11401692686373727,
      0.114793832904022,
      0.10961919746835504,
      0.11097861970202964,
      0.11302540124508373,
      0.1121790868213825,
      0.11336479652999785,
      0.11330651647100846,
      0.11231945265541997,
      0.11349255042640786,
      0.11573785785258862
    ],
    "val_accuracies": [
      92.66666666666667,
      92.11111111111111,
      92.11111111111111,
      93.61111111111111,
      93.66666666666667,
      93.16666666666667,
      92.72222222222223,
      92.55555555555556,
      93.55555555555556,
      93.55555555555556,
      93.11111111111111,
      93.72222222222223,
      93.61111111111111,
      93.83333333333333,
      93.11111111111111,
      93.22222222222223,
      93.72222222222223,
      93.33333333333333,
      93.88888888888889,
      93.5,
      93.38888888888889,
      93.72222222222223,
      93.77777777777777,
      93.88888888888889,
      94.5,
      94.11111111111111,
      93.66666666666667,
      94.44444444444444,
      94.5,
      94.66666666666667,
      93.88888888888889,
      95.0,
      94.94444444444444,
      94.77777777777777,
      95.0,
      95.0,
      95.16666666666667,
      95.05555555555556,
      95.5,
      94.83333333333333,
      95.33333333333333,
      95.05555555555556,
      95.0,
      94.88888888888889,
      95.44444444444444,
      95.0,
      95.0,
      95.27777777777777,
      95.22222222222223,
      95.22222222222223,
      95.33333333333333,
      95.33333333333333,
      95.5,
      95.5,
      95.16666666666667,
      94.88888888888889
    ],
    "val_f1_scores": [
      0.9278365878856075,
      0.9222622775057737,
      0.9231438894466225,
      0.9376048178699699,
      0.9381713412346124,
      0.9333467030091793,
      0.9286228057254476,
      0.9271199777785499,
      0.9371195426023248,
      0.9371041778446513,
      0.9328825193515916,
      0.9383095612118656,
      0.9376923067459347,
      0.9396274455773191,
      0.9329908372473882,
      0.9335841448731298,
      0.9386035425931429,
      0.9346929902341883,
      0.9402158082842071,
      0.936505157420386,
      0.9351474675427522,
      0.9385177106758085,
      0.938259207658695,
      0.940190210985058,
      0.9455530486779575,
      0.9415264223150694,
      0.9380685997085847,
      0.9454352798909118,
      0.9461034120840589,
      0.9474739215735352,
      0.9398505196268453,
      0.9507378987918237,
      0.9503284992176758,
      0.9486707502281388,
      0.9507204421245713,
      0.9508566039018395,
      0.9524031334222112,
      0.9514006163561701,
      0.9557199524103666,
      0.9493085670391276,
      0.9540604560076412,
      0.9514102619371432,
      0.9508173895975953,
      0.9497501046965247,
      0.9552195615900856,
      0.9508589469308192,
      0.9507809137205581,
      0.9536102031121909,
      0.9530062815160352,
      0.9530624829769905,
      0.9541619324724723,
      0.9540967229322059,
      0.9556410167038001,
      0.9557299276435096,
      0.952544252112423,
      0.9498195691363513
    ]
  },
  "test_accuracy": 96.05555555555556,
  "test_f1_score": 0.9609879694044217,
  "model_info": {
    "architecture": "Fixed SuperNova Physics-Transformer",
    "parameters": 280772,
    "device": "cuda",
    "training_date": "2025-05-30T18:38:58.086644"
  }
}