{
  "pipeline_results": [
    {
      "stage": 0,
      "final_accuracy": 0.19058553386911595,
      "best_accuracy": 0.19058553386911595,
      "epochs_completed": 30
    },
    {
      "stage": 1,
      "final_accuracy": 0.9931113662456946,
      "best_accuracy": 0.9931113662456946,
      "epochs_completed": 1
    },
    {
      "stage": 2,
      "final_accuracy": 0.9644087256027555,
      "best_accuracy": 0.9931113662456946,
      "epochs_completed": 1
    },
    {
      "stage": 3,
      "final_accuracy": 0.9982778415614236,
      "best_accuracy": 0.9982778415614236,
      "epochs_completed": 1
    }
  ],
  "final_metrics": {
    "overall_accuracy": 0.9971330165863037,
    "class_accuracies": {
      "class_3": 0.9971330165863037
    },
    "mean_uncertainty": 7.067707883834373e-06,
    "std_uncertainty": 1.4889444628352067e-06
  },
  "best_accuracy": 0.9982778415614236,
  "target_achieved": true
}